group	fill
1	#FF8C6D
2	#FF8565
3	#FF7E5D
4	#FF7C5B
5	#FF7C5B
6	#FF7C5B
7	#FF8362
8	#FF8565
9	#FF8A6B
10	#FF997B
11	#FFA58A
12	#FF8C6D
13	#FF9D81
14	#FF8F70
15	#FF8868
16	#FF8C6D
17	#FFA58A
18	#FF8A6B
19	#FF8565
20	#FF8160
21	#FF8565
22	#FF8160
23	#FF8362
24	#FF8565
25	#FFA287
26	#FF8868
27	#FF8362
28	#FF8362
29	#FF8160
30	#FF7C5B
31	#FF7C5B
32	#FF7C5B
33	#FF6F4D
34	#FF7755
35	#FF8868
36	#FFA084
37	#FF8C6D
38	#FF8F70
39	#FF9B7E
40	#FFA287
41	#FFAE95
42	#FF9B7E
43	#FF9476
44	#FF8C6D
45	#FF8868
46	#FF8868
47	#FF8A6B
48	#FF8F70
49	#FFA287
50	#FF8C6D
51	#FF8362
52	#FF8362
53	#FF8160
54	#FF8362
55	#FF7755
56	#FF7C5B
57	#FF8160
58	#FF7755
59	#FF8565
60	#FFA287
61	#FF8565
62	#FF8F70
63	#FF9D81
64	#FFA58A
65	#FFAE95
66	#FF9B7E
67	#FF9476
68	#FF8C6D
69	#FF8868
70	#FF8565
71	#FF8A6B
72	#FF9273
73	#FFA88D
74	#FF9273
75	#FF8565
76	#FF8362
77	#FF7958
78	#FF8362
79	#FF8868
80	#FF8160
81	#FF7E5D
82	#FF8160
83	#FF8362
84	#FFA287
85	#FF8868
86	#FF9273
87	#FF997B
88	#FFA88D
89	#FFAE95
90	#FF9B7E
91	#FF9476
92	#FF8C6D
93	#FF8A6B
94	#FF8C6D
95	#FF9476
96	#FF9B7E
97	#FFA88D
98	#FF9273
99	#FF8362
100	#FF7958
101	#FF8362
102	#FF8362
103	#FF8565
104	#FF8362
105	#FF7E5D
106	#FF7E5D
107	#FF8362
108	#FFA287
109	#FF8868
110	#FF8F70
111	#FF9476
112	#FFA084
113	#FFAE95
114	#FF9B7E
115	#FF9476
116	#FF9273
117	#FF8F70
118	#FF9678
119	#FFA084
120	#FF9D81
121	#FFAA90
122	#FF8F70
123	#FF8A6B
124	#FF8160
125	#FF8868
126	#FF7E5D
127	#FF8160
128	#FF8160
129	#FF7E5D
130	#FF8160
131	#FF8362
132	#FFA287
133	#FF8565
134	#FF8868
135	#FF8C6D
136	#FFA084
137	#FFAE95
138	#FF9D81
139	#FF997B
140	#FF997B
141	#FF997B
142	#FF9B7E
143	#FF997B
144	#FF997B
145	#FFAA90
146	#FFB198
147	#FF9476
148	#FF8F70
149	#FF8A6B
150	#FF7E5D
151	#FF8160
152	#FF8160
153	#FF8160
154	#FF7958
155	#FF8362
156	#FFA287
157	#FF8565
158	#FF8A6B
159	#FF8F70
160	#FF9D81
161	#FFAC93
162	#FF9D81
163	#FF9D81
164	#FFA287
165	#FF9B7E
166	#FFB198
167	#FFC7B5
168	#FFC5B2
169	#FFA88D
170	#FFBBA5
171	#FFB8A1
172	#FFA88D
173	#FF9476
174	#FF7E5D
175	#FF8160
176	#FF8160
177	#FF8160
178	#FF7C5B
179	#FF8565
180	#FFA287
181	#FF8868
182	#FF9273
183	#FF8F70
184	#FF9476
185	#FFAA90
186	#FFA287
187	#FF9D81
188	#FFC2AE
189	#FFC0AB
190	#FFAE95
191	#FFAA90
192	#FFAA90
193	#FFA88D
194	#FFAA90
195	#FFAE95
196	#FFA58A
197	#FF8C6D
198	#FF8160
199	#FF8160
200	#FF7E5D
201	#FF7E5D
202	#FF8160
203	#FF8565
204	#FFA287
205	#FF8C6D
206	#FF9476
207	#FF997B
208	#FF9D81
209	#FF9678
210	#FF9B7E
211	#FFCFBE
212	#FFA287
213	#FFA084
214	#FFA58A
215	#FFA58A
216	#FFA88D
217	#FFA084
218	#FFA88D
219	#FFA084
220	#FF9B7E
221	#FF9D81
222	#FF8565
223	#FF8160
224	#FF8160
225	#FF8868
226	#FF8565
227	#FF8868
228	#FF9D81
229	#FF8F70
230	#FF997B
231	#FF9D81
232	#FFA88D
233	#FFA287
234	#FF997B
235	#FFC2AE
236	#FF9B7E
237	#FFA084
238	#FFA287
239	#FFA287
240	#FFA58A
241	#FF9D81
242	#FFA58A
243	#FFA084
244	#FF8F70
245	#FF9678
246	#FF8A6B
247	#FF7E5D
248	#FF8160
249	#FF8160
250	#FF8565
251	#FF8A6B
252	#FFA88D
253	#FF8F70
254	#FF997B
255	#FFA084
256	#FFAA90
257	#FFA287
258	#FFD1C1
259	#FF9B7E
260	#FF9B7E
261	#FF9D81
262	#FFA084
263	#FFA084
264	#FFA287
265	#FF8F70
266	#FF8868
267	#FF8160
268	#FF7755
269	#FF7452
270	#FF7958
271	#FF7E5D
272	#FF8868
273	#FF8A6B
274	#FF9273
275	#FF8A6B
276	#FF8C6D
277	#FF8868
278	#FF7C5B
279	#FF8868
280	#FF8C6D
281	#FFB8A1
282	#FF8C6D
283	#FF8868
284	#FF8362
285	#FF8362
286	#FF8160
287	#FF8565
288	#FF8868
289	#FFC0AB
290	#FFA58A
291	#FFA084
292	#FF997B
293	#FF7E5D
294	#FF7E5D
295	#FF7E5D
296	#FF8160
297	#FF8160
298	#FF8565
299	#FF8A6B
300	#FFA88D
301	#FF9273
302	#FF9B7E
303	#FFA287
304	#FFAA90
305	#FFA88D
306	#FFA084
307	#FF8F70
308	#FF9678
309	#FF9B7E
310	#FF9D81
311	#FFA084
312	#FFA084
313	#FFA88D
314	#FFA084
315	#FFA88D
316	#FFA084
317	#FF8565
318	#FF8868
319	#FF7E5D
320	#FF8160
321	#FF8362
322	#FF8565
323	#FF8C6D
324	#FFA88D
325	#FF9273
326	#FF9D81
327	#FFA084
328	#FFA88D
329	#FFAA90
330	#FF9273
331	#FF9273
332	#FF9273
333	#FF997B
334	#FF9D81
335	#FF9D81
336	#FFA084
337	#FF9273
338	#FF9B7E
339	#FF8F70
340	#FFA287
341	#FF9476
342	#FF8362
343	#FF8160
344	#FF8362
345	#FF8362
346	#FF8868
347	#FF8C6D
348	#FF9678
349	#FF9273
350	#FF9B7E
351	#FFA084
352	#FFAA90
353	#FFAE95
354	#FF8F70
355	#FF9273
356	#FF9476
357	#FF9678
358	#FF9D81
359	#FF9B7E
360	#FF9D81
361	#FF8565
362	#FFA084
363	#FF9678
364	#FF997B
365	#FF8868
366	#FF8362
367	#FF8160
368	#FF8362
369	#FF8362
370	#FF8868
371	#FF8C6D
372	#FF8C6D
373	#FF9273
374	#FF9B7E
375	#FFA084
376	#FFAA90
377	#FFAC93
378	#FF8565
379	#FF8A6B
380	#FF9476
381	#FF9678
382	#FF9B7E
383	#FF9D81
384	#FF9D81
385	#FF8565
386	#FF9D81
387	#FF9D81
388	#FF8F70
389	#FF8362
390	#FF8362
391	#FF8565
392	#FF8362
393	#FF8362
394	#FF8868
395	#FF9273
396	#FF7E5D
397	#FF9476
398	#FF9B7E
399	#FFA287
400	#FFAA90
401	#FFAC93
402	#FF8160
403	#FF8565
404	#FF8F70
405	#FF997B
406	#FF9D81
407	#FFA084
408	#FF9B7E
409	#FF9273
410	#FF8868
411	#FF7C5B
412	#FF7452
413	#FF7250
414	#FF7958
415	#FF7958
416	#FF7E5D
417	#FF9273
418	#FF9476
419	#FF8868
420	#FF9273
421	#FF8565
422	#FF7C5B
423	#FF8F70
424	#FF9D81
425	#FFB8A1
426	#FF9273
427	#FF8C6D
428	#FF8565
429	#FF8160
430	#FF8160
431	#FF8565
432	#FF8A6B
433	#FF9476
434	#FF8868
435	#FF7E5D
436	#FF7958
437	#FF7958
438	#FF7452
439	#FF7755
440	#FF7C5B
441	#FF8A6B
442	#FF8C6D
443	#FF7958
444	#FF9476
445	#FF8565
446	#FF7C5B
447	#FF9476
448	#FFB198
449	#FFAC93
450	#FF9273
451	#FF8F70
452	#FF8868
453	#FF8362
454	#FF8362
455	#FF8868
456	#FF8C6D
457	#FF9678
458	#FF8C6D
459	#FF8362
460	#FF7958
461	#FF7E5D
462	#FF7755
463	#FF7755
464	#FF7E5D
465	#FF8160
466	#FF6C4B
467	#FF7958
468	#FF9678
469	#FF7958
470	#FF8160
471	#FF8A6B
472	#FF9D81
473	#FFC0AB
474	#FF9678
475	#FF8F70
476	#FF8A6B
477	#FF8868
478	#FF8868
479	#FF8C6D
480	#FF8F70
481	#FF997B
482	#FF8A6B
483	#FF8160
484	#FF7958
485	#FF7C5B
486	#FF7755
487	#FF7755
488	#FF7C5B
489	#FF6948
490	#FF6F4D
491	#FF6F4D
492	#FF997B
493	#FF7755
494	#FF7C5B
495	#FF8F70
496	#FF997B
497	#FFAA90
498	#FF997B
499	#FF9273
500	#FF8C6D
501	#FF8868
502	#FF8565
503	#FF8C6D
504	#FF8C6D
505	#FF997B
506	#FF8868
507	#FF8565
508	#FF7E5D
509	#FF7C5B
510	#FF7755
511	#FF7452
512	#FF7755
513	#FF7452
514	#FF7C5B
515	#FF6C4B
516	#FF9B7E
517	#FF7250
518	#FF8A6B
519	#FF9B7E
520	#FFA88D
521	#FFAC93
522	#FF9678
523	#FF9476
524	#FF8F70
525	#FF8868
526	#FF8565
527	#FF8F70
528	#FF8C6D
529	#FF9D81
530	#FF8868
531	#FF8565
532	#FF7E5D
533	#FF7C5B
534	#FF7958
535	#FF7452
536	#FF7958
537	#FF7958
538	#FF8565
539	#FF8868
540	#FF9B7E
541	#FF8F70
542	#FF9678
543	#FFA287
544	#FFA88D
545	#FFAC93
546	#FF997B
547	#FF9678
548	#FF8F70
549	#FF8868
550	#FF8868
551	#FF8F70
552	#FF8C6D
553	#FFA084
554	#FF8868
555	#FF8868
556	#FF8362
557	#FF7E5D
558	#FF7755
559	#FF7250
560	#FF8160
561	#FF7C5B
562	#FF8362
563	#FF8A6B
564	#FFA084
565	#FF8C6D
566	#FF9273
567	#FFA287
568	#FFAA90
569	#FFB198
570	#FF9B7E
571	#FF9476
572	#FF8C6D
573	#FF8868
574	#FF8868
575	#FF8F70
576	#FF8F70
